DailyMeanWindSpeed_AllYear_url,DailyMeanWindSpeed_CurrentYear_url,WeatherStationName_en,WeatherStationName_sc,WeatherStationName_uc,GeometryLongitude,GeometryLatitude,geometry,index_right,地區號碼,District,地區,Administrative District Boundary of Hong Kong
https://data.weather.gov.hk/weatherAPI/hko_data/csdi/dataset/daily_SC_WSPD_ALL.csv,https://data.weather.gov.hk/weatherAPI/hko_data/csdi/dataset/daily_SC_WSPD_2026.csv,Sha Chau,沙洲,沙洲,113.8911111000001,22.34583330000004,POINT (113.8911111000001 22.34583330000004),10,L,Tuen Mun,屯門,Administrative District Boundary of Hong Kong
https://data.weather.gov.hk/weatherAPI/hko_data/csdi/dataset/daily_CP1_WSPD_ALL.csv,https://data.weather.gov.hk/weatherAPI/hko_data/csdi/dataset/daily_CP1_WSPD_2026.csv,Central Pier,中环码头,中環碼頭,114.15583330000004,22.28888890000007,POINT (114.15583330000004 22.28888890000007),0,A,Central & Western,中西區,Administrative District Boundary of Hong Kong
https://data.weather.gov.hk/weatherAPI/hko_data/csdi/dataset/daily_HKA_WSPD_ALL.csv,https://data.weather.gov.hk/weatherAPI/hko_data/csdi/dataset/daily_HKA_WSPD_2026.csv,Hong Kong International Airport,香港国际机场,香港國際機場,113.92194440000004,22.309444400000075,POINT (113.92194440000004 22.309444400000075),17,T,Islands,離島,Administrative District Boundary of Hong Kong
https://data.weather.gov.hk/weatherAPI/hko_data/csdi/dataset/daily_CCH_WSPD_ALL.csv,https://data.weather.gov.hk/weatherAPI/hko_data/csdi/dataset/daily_CCH_WSPD_2026.csv,Cheung Chau,长洲,長洲,114.02666670000008,22.20111110000005,POINT (114.02666670000008 22.20111110000005),17,T,Islands,離島,Administrative District Boundary of Hong Kong
https://data.weather.gov.hk/weatherAPI/hko_data/csdi/dataset/daily_CCB_WSPD_ALL.csv,https://data.weather.gov.hk/weatherAPI/hko_data/csdi/dataset/daily_CCB_WSPD_2026.csv,Cheung Chau Beach,长洲泳滩,長洲泳灘,114.02916670000002,22.210833300000047,POINT (114.02916670000002 22.210833300000047),17,T,Islands,離島,Administrative District Boundary of Hong Kong
https://data.weather.gov.hk/weatherAPI/hko_data/csdi/dataset/daily_GI_WSPD_ALL.csv,https://data.weather.gov.hk/weatherAPI/hko_data/csdi/dataset/daily_GI_WSPD_2026.csv,Green Island,青洲,青洲,114.11277780000012,22.285000000000025,POINT (114.11277780000012 22.285000000000025),0,A,Central & Western,中西區,Administrative District Boundary of Hong Kong
https://data.weather.gov.hk/weatherAPI/hko_data/csdi/dataset/daily_SE_WSPD_ALL.csv,https://data.weather.gov.hk/weatherAPI/hko_data/csdi/dataset/daily_SE_WSPD_2026.csv,Kai Tak,启德,啟德,114.21333330000004,22.309722200000067,POINT (114.21333330000004 22.309722200000067),6,G,Kowloon City,九龍城,Administrative District Boundary of Hong Kong
https://data.weather.gov.hk/weatherAPI/hko_data/csdi/dataset/daily_KP_WSPD_ALL.csv,https://data.weather.gov.hk/weatherAPI/hko_data/csdi/dataset/daily_KP_WSPD_2026.csv,King's Park,京士柏,京士柏,114.17277780000006,22.311944400000073,POINT (114.17277780000006 22.311944400000073),4,E,Yau Tsim Mong,油尖旺,Administrative District Boundary of Hong Kong
https://data.weather.gov.hk/weatherAPI/hko_data/csdi/dataset/daily_LAM_WSPD_ALL.csv,https://data.weather.gov.hk/weatherAPI/hko_data/csdi/dataset/daily_LAM_WSPD_2026.csv,Lamma Island,南丫岛,南丫島,114.10861110000008,22.226111100000026,POINT (114.10861110000008 22.226111100000026),17,T,Islands,離島,Administrative District Boundary of Hong Kong
https://data.weather.gov.hk/weatherAPI/hko_data/csdi/dataset/daily_LFS_WSPD_ALL.csv,https://data.weather.gov.hk/weatherAPI/hko_data/csdi/dataset/daily_LFS_WSPD_2026.csv,Lau Fau Shan,流浮山,流浮山,113.98361110000008,22.468888900000024,POINT (113.98361110000008 22.468888900000024),11,M,Yuen Long,元朗,Administrative District Boundary of Hong Kong
https://data.weather.gov.hk/weatherAPI/hko_data/csdi/dataset/daily_NGP_WSPD_ALL.csv,https://data.weather.gov.hk/weatherAPI/hko_data/csdi/dataset/daily_NGP_WSPD_2026.csv,Ngong Ping ,昂坪,昂坪,113.91277800000012,22.258611100000053,POINT (113.91277800000012 22.258611100000053),17,T,Islands,離島,Administrative District Boundary of Hong Kong
https://data.weather.gov.hk/weatherAPI/hko_data/csdi/dataset/daily_NP_WSPD_ALL.csv,https://data.weather.gov.hk/weatherAPI/hko_data/csdi/dataset/daily_NP_WSPD_2026.csv,North Point,北角,北角,114.19972200000008,22.294444000000055,POINT (114.19972200000008 22.294444000000055),2,C,Eastern,東區,Administrative District Boundary of Hong Kong
https://data.weather.gov.hk/weatherAPI/hko_data/csdi/dataset/daily_PEN_WSPD_ALL.csv,https://data.weather.gov.hk/weatherAPI/hko_data/csdi/dataset/daily_PEN_WSPD_2026.csv,Peng Chau,坪洲,坪洲,114.04333330000009,22.291111100000023,POINT (114.04333330000009 22.291111100000023),17,T,Islands,離島,Administrative District Boundary of Hong Kong
https://data.weather.gov.hk/weatherAPI/hko_data/csdi/dataset/daily_SKG_WSPD_ALL.csv,https://data.weather.gov.hk/weatherAPI/hko_data/csdi/dataset/daily_SKG_WSPD_2026.csv,Sai Kung,西贡,西貢,114.2744444000001,22.37555560000004,POINT (114.2744444000001 22.37555560000004),14,Q,Sai Kung,西貢,Administrative District Boundary of Hong Kong
https://data.weather.gov.hk/weatherAPI/hko_data/csdi/dataset/daily_SHA_WSPD_ALL.csv,https://data.weather.gov.hk/weatherAPI/hko_data/csdi/dataset/daily_SHA_WSPD_2026.csv,Sha Tin,沙田,沙田,114.21000000000004,22.402500000000032,POINT (114.21000000000004 22.402500000000032),15,R,Sha Tin,沙田,Administrative District Boundary of Hong Kong
https://data.weather.gov.hk/weatherAPI/hko_data/csdi/dataset/daily_SEK_WSPD_ALL.csv,https://data.weather.gov.hk/weatherAPI/hko_data/csdi/dataset/daily_SEK_WSPD_2026.csv,Shek Kong,石岗 ,石崗,114.0847222000001,22.436111100000065,POINT (114.0847222000001 22.436111100000065),11,M,Yuen Long,元朗,Administrative District Boundary of Hong Kong
https://data.weather.gov.hk/weatherAPI/hko_data/csdi/dataset/daily_BHD_WSPD_ALL.csv,https://data.weather.gov.hk/weatherAPI/hko_data/csdi/dataset/daily_BHD_WSPD_2026.csv,Bluff Head,黄麻角,黃麻角,114.21194400000002,22.197500000000048,POINT (114.21194400000002 22.197500000000048),3,D,Southern,南區,Administrative District Boundary of Hong Kong
https://data.weather.gov.hk/weatherAPI/hko_data/csdi/dataset/daily_SF_WSPD_ALL.csv,https://data.weather.gov.hk/weatherAPI/hko_data/csdi/dataset/daily_SF_WSPD_2026.csv,Star Ferry,天星码头 ,天星碼頭,114.16861110000002,22.29305560000006,POINT (114.16861110000002 22.29305560000006),4,E,Yau Tsim Mong,油尖旺,Administrative District Boundary of Hong Kong
https://data.weather.gov.hk/weatherAPI/hko_data/csdi/dataset/daily_TKL_WSPD_ALL.csv,https://data.weather.gov.hk/weatherAPI/hko_data/csdi/dataset/daily_TKL_WSPD_2026.csv,Ta Kwu Ling,打鼓岭,打鼓嶺,114.15666670000007,22.528611100000035,POINT (114.15666670000007 22.528611100000035),12,N,North,北區,Administrative District Boundary of Hong Kong
https://data.weather.gov.hk/weatherAPI/hko_data/csdi/dataset/daily_PLC_WSPD_ALL.csv,https://data.weather.gov.hk/weatherAPI/hko_data/csdi/dataset/daily_PLC_WSPD_2026.csv,Tai Mei Tuk,大美督,大美督,114.23750000000008,22.47527780000007,POINT (114.23750000000008 22.47527780000007),13,P,Tai Po,大埔,Administrative District Boundary of Hong Kong
https://data.weather.gov.hk/weatherAPI/hko_data/csdi/dataset/daily_TPK_WSPD_ALL.csv,https://data.weather.gov.hk/weatherAPI/hko_data/csdi/dataset/daily_TPK_WSPD_2026.csv,Tai Po Kau,大埔滘,大埔滘,114.1841667000001,22.442500000000052,POINT (114.1841667000001 22.442500000000052),13,P,Tai Po,大埔,Administrative District Boundary of Hong Kong
https://data.weather.gov.hk/weatherAPI/hko_data/csdi/dataset/daily_TME_WSPD_ALL.csv,https://data.weather.gov.hk/weatherAPI/hko_data/csdi/dataset/daily_TME_WSPD_2026.csv,Tap Mun East,塔门东,塔門東,114.36305600000004,22.46833330000004,POINT (114.36305600000004 22.46833330000004),13,P,Tai Po,大埔,Administrative District Boundary of Hong Kong
https://data.weather.gov.hk/weatherAPI/hko_data/csdi/dataset/daily_TC_WSPD_ALL.csv,https://data.weather.gov.hk/weatherAPI/hko_data/csdi/dataset/daily_TC_WSPD_2026.csv,Tate's Cairn,大老山,大老山,114.21777780000002,22.357777800000065,POINT (114.21777780000002 22.357777800000065),7,H,Wong Tai Sin,黃大仙,Administrative District Boundary of Hong Kong
https://data.weather.gov.hk/weatherAPI/hko_data/csdi/dataset/daily_JKB_WSPD_ALL.csv,https://data.weather.gov.hk/weatherAPI/hko_data/csdi/dataset/daily_JKB_WSPD_2026.csv,Tseung Kwan O,将军澳,將軍澳,114.2555556000001,22.315833300000065,POINT (114.2555556000001 22.315833300000065),14,Q,Sai Kung,西貢,Administrative District Boundary of Hong Kong
https://data.weather.gov.hk/weatherAPI/hko_data/csdi/dataset/daily_SHL_WSPD_ALL.csv,https://data.weather.gov.hk/weatherAPI/hko_data/csdi/dataset/daily_SHL_WSPD_2026.csv,Shell Oil Depot,青衣岛蚬壳油库,青衣島蜆殼油庫,114.08602800000006,22.345278000000064,POINT (114.08602800000006 22.345278000000064),16,S,Kwai Tsing,葵青,Administrative District Boundary of Hong Kong
https://data.weather.gov.hk/weatherAPI/hko_data/csdi/dataset/daily_TUN_WSPD_ALL.csv,https://data.weather.gov.hk/weatherAPI/hko_data/csdi/dataset/daily_TUN_WSPD_2026.csv,Tuen Mun Government Offices,屯门政府合署,屯門政府合署,113.9766667,22.39056000000005,POINT (113.9766667 22.39056000000005),10,L,Tuen Mun,屯門,Administrative District Boundary of Hong Kong
https://data.weather.gov.hk/weatherAPI/hko_data/csdi/dataset/daily_WGL_WSPD_ALL.csv,https://data.weather.gov.hk/weatherAPI/hko_data/csdi/dataset/daily_WGL_WSPD_2026.csv,Waglan Island,横澜岛,橫瀾島,114.30333330000008,22.18222220000007,POINT (114.30333330000008 22.18222220000007),17,T,Islands,離島,Administrative District Boundary of Hong Kong
https://data.weather.gov.hk/weatherAPI/hko_data/csdi/dataset/daily_WLP_WSPD_ALL.csv,https://data.weather.gov.hk/weatherAPI/hko_data/csdi/dataset/daily_WLP_WSPD_2026.csv,Wetland Park,湿地公园,濕地公園,114.0088889000001,22.466666700000076,POINT (114.0088889000001 22.466666700000076),11,M,Yuen Long,元朗,Administrative District Boundary of Hong Kong
https://data.weather.gov.hk/weatherAPI/hko_data/csdi/dataset/daily_HKS_WSPD_ALL.csv,https://data.weather.gov.hk/weatherAPI/hko_data/csdi/dataset/daily_HKS_WSPD_2026.csv,Wong Chuk Hang,黄竹坑,黃竹坑,114.17361110000002,22.24777780000005,POINT (114.17361110000002 22.24777780000005),3,D,Southern,南區,Administrative District Boundary of Hong Kong
